{"cameraMode":{"drawMode":0,"name":"Shaded","section":"Shading Mode"},"sceneLighting":false,"audioPlay":false,"sceneViewState":{"m_AlwaysRefresh":false,"showFog":true,"showSkybox":false,"showFlares":true,"showImageEffects":true,"showParticleSystems":true,"showVisualEffectGraphs":true,"m_FxEnabled":true},"in2DMode":false,"pivot":{"x":1.3250313997268677,"y":1.74985671043396,"z":3.225496530532837},"rotation":{"x":-0.01219742652028799,"y":0.978951096534729,"z":-0.19426636397838593,"w":-0.061464548110961917},"size":0.08714532852172852,"orthographic":false}