{"cameraMode":{"drawMode":0,"name":"Shaded","section":"Shading Mode"},"sceneLighting":true,"audioPlay":false,"sceneViewState":{"m_AlwaysRefresh":false,"showFog":true,"showSkybox":true,"showFlares":true,"showImageEffects":true,"showParticleSystems":true,"showVisualEffectGraphs":true,"m_FxEnabled":true},"in2DMode":false,"pivot":{"x":8.549104690551758,"y":10.133283615112305,"z":6.347509384155273},"rotation":{"x":0.2964923083782196,"y":0.19168506562709809,"z":-0.060874100774526599,"w":0.9336189031600952},"size":12.108945846557618,"orthographic":false}